name,eval_loss,steps,train_seconds,actual_examples_per_second
baseline,6.362220287322998,8986,900.0595965560005,39.93513333732186
batch8,6.365118980407715,5688,900.0482417819994,50.557290029151034
accumulation2,6.466280460357666,4780,900.0661210140006,42.48576755329864
lr1e-4,5.3145341873168945,8821,900.0451218880007,39.20247901125856
cosine,6.278439044952393,8835,900.0165972619998,39.26594254762652
optimizer_unfused,6.569896697998047,7462,900.1322342650001,33.159572409238606
compile_off,6.546167373657227,7385,900.0448788100002,32.82058561241578
tf32_off,6.3801679611206055,8849,900.0740552309999,39.325653032978245
bf16_amp_sdpa,5.405405521392822,5174,900.1602287160003,22.991462341677803
fp32_sdpa,6.695981025695801,1270,900.2959462149993,5.642588996826214
