step,elapsed_seconds,loss,learning_rate
1,1.873392330999195,11.2126,0.0
2,2.567397226999674,11.1796,1.0309787455551285e-06
3,3.2641989379990264,11.2231,1.4129607699992953e-06
4,3.958700635999776,11.2019,1.8000748899996526e-06
5,4.656334281999079,11.1518,2.185987496110708e-06
6,5.352186041000095,11.2055,2.5734901327774024e-06
7,6.051964986998428,11.1901,2.96010245055489e-06
8,6.7492798089988355,11.1563,3.3487901566665344e-06
9,7.446144245999676,11.133,3.7362226022216625e-06
10,8.145629416998418,11.1656,4.123368247221353e-06
11,8.84262478599885,11.2184,4.511962366666719e-06
12,9.539510843998869,11.135,4.899232204444262e-06
13,10.240035491999151,11.1014,5.286334654444242e-06
14,10.936323534999246,11.1564,5.675503835554992e-06
15,11.633909541998946,11.1406,6.062347456110931e-06
16,12.332659940999292,10.9908,6.449912292777703e-06
17,13.034112752999135,11.0721,6.838107737777237e-06
18,13.733258069998556,10.953,7.228317339443796e-06
19,14.431851882998671,10.9766,7.6162610022220175e-06
20,15.129394174999106,11.0468,8.004317948332554e-06
21,15.831054444999609,10.8228,8.391859667777277e-06
22,16.535796931999357,10.8859,8.781703603888471e-06
23,17.23491495899907,10.8896,9.173210956110375e-06
24,17.938224628998796,10.8546,9.561585413333282e-06
25,18.638641117999214,10.8983,9.952303182777136e-06
26,19.34071916999892,10.7397,1.034146451555494e-05
27,20.043023173999245,10.5121,1.0731569748332832e-05
28,20.741399041999102,10.4797,1.1121614797221911e-05
29,21.443436554998698,10.6082,1.1509640082776969e-05
30,22.144322479998664,10.7834,1.1899629252221632e-05
31,22.847289227000147,10.361,1.2289015958888034e-05
32,23.547810408999794,10.3646,1.2679576738333305e-05
33,24.25264351199985,10.2273,1.3068770004444255e-05
34,24.953653548000148,10.1414,1.3460374284999893e-05
35,25.655121946998406,10.4363,1.3849773278888178e-05
36,26.35673080000015,10.0072,1.4239506726110752e-05
37,27.058636570998715,10.1759,1.462928492555471e-05
38,27.758941907999542,10.0856,1.5019213702221857e-05
39,28.46299905699925,10.0567,1.540918610833311e-05
40,29.16512412100019,9.9989,1.5800163754444535e-05
41,29.865497589998995,9.7713,1.6189531692777263e-05
42,30.569393212999785,9.8306,1.657860425944414e-05
43,31.27164871899913,9.9521,1.69696809538881e-05
44,31.97415222299969,9.5849,1.7359786480555057e-05
45,32.675708652999674,9.6133,1.7750077891110372e-05
46,33.37799041299877,9.8244,1.8139740382776938e-05
47,34.08186916299928,9.6803,1.8530511299444092e-05
48,34.78367698799957,9.6491,1.8921027378333345e-05
49,35.486936846999015,9.4766,1.9310866133888948e-05
50,36.187854144000084,9.5278,1.9701694591666535e-05
51,36.88958914599971,9.4891,2.0091054890555017e-05
52,37.59528098499868,9.2314,2.0480813551111068e-05
53,38.30111426499934,9.279,2.0872923064443965e-05
54,39.00551961800011,8.8869,2.1265066362221762e-05
55,39.71124129099917,9.2468,2.1656313004999297e-05
56,40.41704926700004,9.1545,2.2048519626110244e-05
57,41.119986722998874,9.3252,2.2440611600555308e-05
58,41.823002290999284,9.1439,2.2831067464443956e-05
59,42.527899768998395,9.1113,2.3221663678333343e-05
60,43.23080361599932,8.8663,2.361320839888827e-05
61,43.937208606999775,8.8591,2.4003750351111093e-05
62,44.64174987499973,8.8564,2.4396175439444254e-05
63,45.34889645399926,8.9268,2.478766108944405e-05
64,46.05484879599862,8.8591,2.5180402964999506e-05
65,46.75963711499935,8.9139,2.557264728888893e-05
66,47.465459093999016,8.6892,2.5964143963888598e-05
67,48.17048810199958,8.566,2.635637553277775e-05
68,48.87688310900012,8.9771,2.6747957244999473e-05
69,49.58387132699863,8.9427,2.714044776444401e-05
70,50.29095758099902,8.6946,2.7533208489443902e-05
71,50.996953557998495,8.523,2.792608175611046e-05
72,51.704602439000155,8.7931,2.8318321187221553e-05
73,52.41123073400013,8.774,2.871143288277785e-05
74,53.118592324999554,8.5482,2.9104009233333273e-05
75,53.822963754999364,8.3165,2.9497033726111112e-05
76,54.53011219799919,8.5563,2.9888284027221948e-05
77,55.23680850399978,8.4391,3.028109467555522e-05
78,55.94483903899891,8.7295,3.0673709071666565e-05
79,56.652532379999684,8.0901,3.1067055384444554e-05
80,57.35835062899969,8.3308,3.1460238288888526e-05
81,58.066434741000194,8.3523,3.185238099888819e-05
82,58.775963975000195,8.2945,3.224584051555515e-05
83,59.483388814000136,8.4913,3.2640059282222055e-05
84,60.19472945199959,8.4017,3.3032961336666635e-05
85,60.903423675999875,8.5918,3.3428144252777406e-05
86,61.614828038998894,8.4365,3.382186301055501e-05
87,62.32434894299877,8.6748,3.421707195833329e-05
88,63.03020546299922,7.8731,3.4611306119444034e-05
89,63.7400912059984,8.1913,3.500342058055543e-05
90,64.44775125399974,7.8584,3.539780154388811e-05
91,65.15541870599918,8.131,3.579096415555493e-05
92,65.86504859999877,8.3774,3.6184083300554955e-05
93,66.57150030999946,8.1464,3.6578345643333204e-05
94,67.28235433499867,8.422,3.697080099277729e-05
95,67.98913324299974,8.4949,3.7365708718888425e-05
96,68.70169659599924,8.5567,3.775840704833274e-05
97,69.40961957799846,8.2796,3.8154312199999876e-05
98,70.12100352999914,8.1093,3.8547552479444174e-05
99,70.8327095679997,8.0497,3.89427331294438e-05
100,71.54141424899899,8.3578,3.9338139374444333e-05
101,72.25244301599923,8.0939,3.973188097388831e-05
102,72.96124968699951,8.0887,4.012690092833307e-05
103,73.67058495199853,8.366,4.052071712388877e-05
104,74.38126614499924,8.2046,4.091477437055498e-05
105,75.09551082399958,8.0071,4.130960612555505e-05
106,75.80434957199941,8.3679,4.170632964000005e-05
107,76.51386663299854,8.4121,4.210017902055471e-05
108,77.22518748499897,7.8975,4.2494342113888905e-05
109,77.9380887849984,8.2835,4.28895295049996e-05
110,78.64960361399972,8.1844,4.3285594173888364e-05
111,79.36124294000001,8.4194,4.36808588949993e-05
112,80.07386055499956,7.9422,4.407625781833303e-05
113,80.78701008799908,8.3481,4.4472087840554706e-05
114,81.4947196109988,7.9985,4.486829325499962e-05
115,82.2060218509996,7.7991,4.526149024222226e-05
116,82.91681790899929,8.2432,4.565667556722171e-05
117,83.62641875400004,7.6042,4.605151188111045e-05
118,84.3385120490002,7.9665,4.6445720385555536e-05
119,85.04945560699889,8.3615,4.6841369343888394e-05
120,85.76005374599845,8.01,4.723637398555487e-05
121,86.47206390599968,8.0755,4.763110305444368e-05
122,87.1848354879985,8.0443,4.8026705369999644e-05
123,87.89538025399997,7.8821,4.842263029944358e-05
124,88.60520208999878,7.7562,4.881740114999957e-05
125,89.31504190499982,7.5393,4.9211789239444544e-05
126,90.0276837679994,8.0881,4.960614448777758e-05
127,90.74043183999856,8.0355,4.999977770351855e-05
128,91.45135347799987,7.6591,4.995578051166668e-05
129,92.16406295699926,8.1252,4.991190048574083e-05
130,92.87704371799919,8.2759,4.9867897360308696e-05
131,93.58776396499889,7.9951,4.982389023981487e-05
132,94.2988920379994,7.3069,4.978001803839511e-05
133,95.00812715499887,7.8374,4.9736121078271655e-05
134,95.71825452099984,7.6278,4.969234507043214e-05
135,96.43219108399899,8.4557,4.9648504596851936e-05
136,97.14320811799917,8.1318,4.960443839358027e-05
137,97.85535111199897,8.319,4.956054616765442e-05
138,98.56694597999922,7.9911,4.95165865360494e-05
139,99.28080127700014,8.2083,4.947265899438275e-05
140,99.99321356099972,7.9704,4.9428592246296366e-05
141,100.70629882399953,8.0086,4.9384615506481476e-05
142,101.41643047999969,7.9377,4.9340603600679033e-05
143,102.13032235299943,8.361,4.9296767911666706e-05
144,102.83901567999965,7.0821,4.925270087074077e-05
145,103.55263404299876,8.0512,4.920895263432108e-05
146,104.26403954599846,7.9787,4.91649098691358e-05
147,104.97589436799899,7.8771,4.912098428820993e-05
148,105.68844657999944,7.6931,4.9077042280617285e-05
149,106.39660207799898,7.4848,4.9033061755864294e-05
150,107.1084933409984,7.8906,4.8989346020802554e-05
151,107.82195484099975,7.8819,4.8945402997716076e-05
152,108.52942393800004,8.1984,4.8901363702963056e-05
153,109.24202584999875,7.6692,4.8857689716358127e-05
154,109.95213036099994,7.42,4.881370829395071e-05
155,110.66388057199947,8.2721,4.8769876120617325e-05
156,111.37601999899925,8.1867,4.872593697654327e-05
157,112.08402239099996,7.6442,4.86819852174075e-05
158,112.79592628899991,7.7093,4.863827770098767e-05
159,113.50786075399992,8.3278,4.8594327287716096e-05
160,114.21793271499882,7.5315,4.855038399845679e-05
161,114.92689566199988,7.6756,4.850655026500001e-05
162,115.63669094499892,8.008,4.846278687580247e-05
163,116.3458750310001,7.4539,4.8418976257962975e-05
164,117.05642718599847,8.147,4.8375194367284024e-05
165,117.76677746399946,8.172,4.8331337549135794e-05
166,118.47723029699955,7.603,4.82874807707408e-05
167,119.18754678499863,7.937,4.824363236462965e-05
168,119.89767473099892,8.0779,4.81997846140741e-05
169,120.60523778499919,8.1705,4.815594449277779e-05
170,121.31534669299981,7.7643,4.8112267194691424e-05
171,122.02686131299924,7.8784,4.8068437227469156e-05
172,122.73606214099891,7.5913,4.802451045617292e-05
173,123.44440038799985,7.8317,4.798074280450619e-05
174,124.1551779579986,7.9166,4.7937020062530866e-05
175,124.86324161499942,8.0468,4.789314142240747e-05
176,125.57383050999852,8.0048,4.7849433385617326e-05
177,126.28146922399901,7.3862,4.7805570272098804e-05
178,126.98994433199914,7.8871,4.7761888051234585e-05
179,127.70077525499983,7.9801,4.771814448907409e-05
180,128.4122677639989,8.1386,4.76742680668519e-05
181,129.12231545899886,7.5059,4.7630358051666674e-05
182,129.8295335570001,7.2024,4.7586507173950686e-05
183,130.54026784300004,7.5777,4.754287106117289e-05
184,131.25208458399902,7.8836,4.749899679820991e-05
185,131.9595209049985,7.0668,4.745505711956799e-05
186,132.67095770499873,8.1478,4.741139911580247e-05
187,133.38288658700003,7.3411,4.7367472782901325e-05
188,134.09268949599937,8.1723,4.732352364376547e-05
189,134.80424804199902,7.629,4.727970861086424e-05
190,135.5167544449996,7.5264,4.723578881475313e-05
191,136.22507627699997,7.1308,4.7191803486481534e-05
192,136.93564278599843,8.0443,4.71480782949383e-05
193,137.64401524799905,7.2511,4.710421829771613e-05
194,138.35578675599936,7.8569,4.706043024722223e-05
195,139.06430714699854,7.464,4.701655855956794e-05
196,139.770180943,6.9784,4.6972814631296316e-05
197,140.47934962099862,6.989,4.692924969611116e-05
198,141.1888464219992,7.4817,4.688541394000003e-05
199,141.89904341199872,7.8276,4.684168032104947e-05
200,142.60866335599894,7.5048,4.6797835906419766e-05
201,143.3172254559995,7.2737,4.6754035120000054e-05
202,144.02542629699929,7.7211,4.6710295471666765e-05
203,144.73700070799896,7.9726,4.66665812167285e-05
204,145.4496853949986,7.917,4.662265776808645e-05
205,146.15611327799888,7.4974,4.6578667325679084e-05
206,146.86689681999997,7.2923,4.653506069222226e-05
207,147.57689802200002,7.6102,4.6491179337284016e-05
208,148.2858980789988,7.7511,4.6447294928950644e-05
209,148.99639058199864,8.3791,4.6403584782839505e-05
210,149.70610718099852,7.8155,4.635972896006181e-05
211,150.4164421179994,8.3904,4.6315922623580264e-05
212,151.124672902999,7.4411,4.627207909098773e-05
213,151.8329316749987,7.4608,4.622835779216053e-05
214,152.5419843639993,7.1611,4.618463419234576e-05
215,153.25116254599925,7.3011,4.614086572697533e-05
216,153.95925026199984,7.4577,4.609708751777777e-05
217,154.66605183899992,7.8413,4.605337775679014e-05
218,155.37585871099873,7.8282,4.600975410117288e-05
219,156.08476566799982,7.7644,4.5965938060000084e-05
220,156.79528638199918,7.5348,4.592217905450627e-05
221,157.5028782219997,7.336,4.5878319967963044e-05
222,158.2123453739987,7.3799,4.5834637438827175e-05
223,158.92209637299857,7.5792,4.579084297203713e-05
224,159.63037743899986,7.8736,4.574702752117289e-05
225,160.3400692719988,8.5297,4.570330844419757e-05
226,161.05065299099988,8.025,4.565950488580251e-05
227,161.75931827599925,7.7175,4.561563071462966e-05
228,162.4675451209987,8.0347,4.55718918008025e-05
229,163.17752583199945,8.1059,4.552817438703709e-05
230,163.88687132199993,7.9127,4.548435336012349e-05
231,164.59583562699845,7.9871,4.544056535314824e-05
232,165.30321773299875,7.4623,4.539680442012345e-05
233,166.00864347300012,7.1598,4.535313493672849e-05
234,166.71537215399985,7.17,4.530959360450618e-05
235,167.42380186899936,7.7939,4.5265966144444505e-05
236,168.1323721439985,7.1676,4.522223882166673e-05
237,168.84051474399894,7.5976,4.517849981450621e-05
238,169.5492934089998,8.1652,4.5134786360185225e-05
239,170.26043201599896,7.3051,4.5091026963827187e-05
240,170.96904530399843,7.8944,4.504713447728395e-05
241,171.67776795499958,7.2894,4.500333357925936e-05
242,172.38725446499848,7.5442,4.495964282858029e-05
243,173.09710780999922,7.734,4.491585170648149e-05
244,173.80515841099987,7.6674,4.4872029475247004e-05
245,174.5146695629992,7.18,4.482832875030864e-05
246,175.22368019199894,7.1508,4.47845252340124e-05
247,175.92943575199934,6.9558,4.4740758882777794e-05
248,176.63868149799964,8.1378,4.4697193839691425e-05
249,177.34785819099852,8.0855,4.4653414469382745e-05
250,178.05973016699863,7.5604,4.4609640284938295e-05
251,178.76901303199884,7.6686,4.456569706074075e-05
252,179.481564746,7.7424,4.4521912903086516e-05
253,180.19079357199917,7.928,4.447793125512351e-05
254,180.89976095899874,7.9564,4.4434146559197526e-05
255,181.60695780199967,7.2199,4.439038304061729e-05
256,182.314894481,7.2017,4.434672902030865e-05
257,183.02385939099986,8.1349,4.430303431660495e-05
258,183.73070375899988,7.0607,4.425927064740746e-05
259,184.43856215199958,7.6828,4.421563551611121e-05
260,185.14934023899878,7.2455,4.417193603395065e-05
261,185.85946639899885,7.9272,4.412806417222232e-05
262,186.5681702999991,8.0849,4.408422567098771e-05
263,187.27482561799843,7.0402,4.404048643197532e-05
264,187.98060951499974,6.5032,4.399686335444445e-05
265,188.691612876999,7.897,4.395329524697535e-05
266,189.40554839299875,6.9255,4.390940653462964e-05
267,190.11526316099844,7.678,4.386533984827167e-05
268,190.82372730499992,7.9084,4.382152337709877e-05
269,191.5320931239985,7.9194,4.377779665648149e-05
270,192.23808782499873,7.2978,4.373407155234575e-05
271,192.9492085639995,7.546,4.369048662932107e-05
272,193.6547318799985,6.7868,4.364659428709881e-05
273,194.36322954599927,7.638,4.3603041475987686e-05
274,195.0697630349987,7.5441,4.3559308448209913e-05
275,195.7812538069993,7.3909,4.35156957180865e-05
276,196.4909510869984,7.5656,4.347177796870374e-05
277,197.19770400000016,7.5875,4.342796210456791e-05
278,197.90741681599866,7.9066,4.338433879716057e-05
279,198.6183117799992,7.2608,4.3340531145370364e-05
280,199.3269376190001,7.221,4.329664538802471e-05
281,200.03465883999888,7.696,4.325290599629637e-05
282,200.74428190199978,7.5288,4.320921624796298e-05
283,201.45247524299884,7.0367,4.3165419396234624e-05
284,202.15845248499863,6.8317,4.31217023660494e-05
285,202.86631908099844,7.1407,4.307812123845682e-05
286,203.57598118399983,7.5583,4.303442149851862e-05
287,204.2844938749986,7.7143,4.299061522135802e-05
288,204.99359342499883,7.4567,4.294688253074083e-05
289,205.70270383999923,7.7083,4.290310733049388e-05
290,206.41191518199957,7.3128,4.2859335724444444e-05
291,207.11937791999844,7.3849,4.281556707635811e-05
292,207.82564994999848,7.2045,4.277189242938277e-05
293,208.535959285,7.9096,4.272828970691361e-05
294,209.24526909899942,7.3267,4.2684448489012373e-05
295,209.95469294299983,7.8669,4.2640665869382736e-05
296,210.66239818299982,7.3014,4.2596871107839606e-05
297,211.37179601099888,7.2598,4.255318657290131e-05
298,212.08169790600004,7.2856,4.2509397104938365e-05
299,212.78861577299904,7.5633,4.2465518204074074e-05
300,213.49729655199917,7.722,4.242194228253089e-05
301,214.20504850499856,7.7089,4.237818591450625e-05
302,214.91195573799996,7.6858,4.233450475432103e-05
303,215.61837586599904,8.149,4.229086641537036e-05
304,216.32439612399867,7.0739,4.224726379500007e-05
305,217.03245745999993,7.1836,4.220367970950626e-05
306,217.7399115649987,7.1091,4.2159970939197526e-05
307,218.44557290299963,7.8815,4.211630315882724e-05
308,219.1565728179994,7.5095,4.207274708950626e-05
309,219.86433221599873,7.4888,4.202885218030874e-05
310,220.57266713899844,7.4169,4.1985162865246956e-05
311,221.28033221499936,7.2213,4.194144259018528e-05
312,221.98530121099975,7.6118,4.189775861216057e-05
313,222.69571852699846,7.1345,4.185423652802478e-05
314,223.40272597399962,6.8888,4.1810387707592655e-05
315,224.11003698199966,7.3058,4.176674681370374e-05
316,224.81907452699852,7.7703,4.1723087612592596e-05
317,225.5277927850002,7.4223,4.1679324966172866e-05
318,226.233375238,6.3187,4.163557262481486e-05
319,226.94404667799972,7.7169,4.159201790487658e-05
320,227.65290408500005,7.6823,4.1548149110185255e-05
321,228.36035221199927,7.7988,4.150438992018527e-05
322,229.0657565749989,7.1699,4.14607185227778e-05
323,229.77305471099862,6.7488,4.141717729753094e-05
324,230.48310649199993,6.274,4.1373513742345735e-05
325,231.18852057899858,6.8717,4.132968911475316e-05
326,231.89896198799943,7.7248,4.128613977419757e-05
327,232.6067371579993,7.8739,4.1242294758518526e-05
328,233.31286780899973,7.3057,4.119859782030874e-05
329,234.02068560799853,7.3824,4.115501316061735e-05
330,234.72890690099848,7.4271,4.111129683061728e-05
331,235.43612051799937,7.4592,4.106760410913584e-05
332,236.14367315199888,8.1718,4.1023941280802526e-05
333,236.85476643199945,7.7635,4.098027067820988e-05
334,237.56285571099943,7.0325,4.09363095960494e-05
335,238.271871121,7.4639,4.089266510574076e-05
336,238.97952641399934,7.3526,4.0848901750308714e-05
337,239.685652999,6.5865,4.0805212051975303e-05
338,240.39224230999935,7.8159,4.076162924888891e-05
339,241.09832852199906,7.6647,4.071801017382717e-05
340,241.8080578499994,8.0557,4.0674425281234644e-05
341,242.51722995899945,7.7113,4.063061363450625e-05
342,243.224194892,7.4083,4.058677746969144e-05
343,243.93188525799997,6.3826,4.054319898679021e-05
344,244.64028589199916,7.4334,4.0499509337407496e-05
345,245.34684438699878,6.5091,4.045578819462971e-05
346,246.05558393599858,7.5821,4.041216741796301e-05
347,246.76302292799846,7.0457,4.036842676487657e-05
348,247.47067678199892,6.669,4.032475158450617e-05
349,248.17850448299941,7.2029,4.028107160666675e-05
350,248.88577224799883,6.7062,4.023737450580248e-05
351,249.5920370549993,6.7149,4.01937225400618e-05
352,250.3022577949996,7.1457,4.015012357925936e-05
353,251.00661341399973,6.4373,4.01062770037037e-05
354,251.71625250899888,7.3155,4.00628018177161e-05
355,252.42295044299863,6.8039,4.001899826104942e-05
356,253.12938217199917,7.7771,3.997537498413586e-05
357,253.83788737299983,7.4913,3.99317645478396e-05
358,254.5475718919988,7.3783,3.988803288333342e-05
359,255.25662709599965,6.9094,3.984422373808645e-05
360,255.96328827399884,7.629,3.9800458465740834e-05
361,256.6701752199988,6.9109,3.9756837756913676e-05
362,257.3763348349985,6.9621,3.9713198261049373e-05
363,258.08553389499866,7.2514,3.966960784962962e-05
364,258.79302289099905,6.2869,3.962583709388891e-05
365,259.499967103,6.508,3.9582161713209936e-05
366,260.20765902999847,7.3473,3.953851879919753e-05
367,260.91599283199866,7.6725,3.9494839146851905e-05
368,261.62440937799875,7.3287,3.945111395672849e-05
369,262.33147359399845,7.7735,3.940738572543209e-05
370,263.03766334099964,6.9396,3.936373644580249e-05
371,263.7433321689987,6.405,3.9320146186790134e-05
372,264.4545018959998,7.3331,3.927658690611118e-05
373,265.16061060899847,7.6206,3.92326861861729e-05
374,265.86590104099923,7.524,3.9189097719259334e-05
375,266.576572209,8.1692,3.9145560174197554e-05
376,267.2853935949988,7.5553,3.910170168932101e-05
377,267.9928874999987,6.8797,3.90579407741359e-05
378,268.69883698099875,6.7782,3.9014258421234616e-05
379,269.4060837149991,7.5057,3.8970689023765514e-05
380,270.113781910999,7.1551,3.892703241703708e-05
381,270.8206163469986,7.3968,3.888335223376549e-05
382,271.52989156900003,7.57,3.883971721629633e-05
383,272.23886496199884,7.6948,3.8795931436790155e-05
384,272.94474451399947,5.6844,3.875216747327164e-05
385,273.65350881499944,7.1495,3.8708593469567925e-05
386,274.36153695699977,7.8041,3.8664850103703795e-05
387,275.0661009539999,5.9868,3.8621142350493875e-05
388,275.77617048499997,7.2096,3.8577651445123445e-05
389,276.484647371999,7.7497,3.853382005333335e-05
390,277.1909129399992,7.1673,3.8490085733456785e-05
391,277.89900777,7.7491,3.844648545333336e-05
392,278.6054632790001,6.7287,3.8402776259814846e-05
393,279.3130972449999,7.1103,3.835917475648156e-05
394,280.0199778819988,6.994,3.831548508790132e-05
395,280.72744899899953,7.0599,3.827185525283952e-05
396,281.43680415000017,7.6275,3.822818200191363e-05
397,282.14462952899885,7.4135,3.8184394581234595e-05
398,282.8535113679991,6.4909,3.81407059380865e-05
399,283.56015923999985,7.0701,3.809688678191367e-05
400,284.2657608669997,7.2242,3.805332307919759e-05
401,284.9730752710002,6.1486,3.800977348493835e-05
402,285.681206534,7.4783,3.7966105393950696e-05
403,286.38710008199996,7.0515,3.7922394803642e-05
404,287.097560799999,6.9654,3.78788235148149e-05
405,287.80718818700007,6.1914,3.7834968225555555e-05
406,288.51547379399926,7.6018,3.7791162221481526e-05
407,289.22336913099934,6.2518,3.774744359907412e-05
408,289.9310533579992,7.0537,3.770374502802469e-05
409,290.6392112659996,7.0519,3.766005964345688e-05
410,291.3477800469991,7.3402,3.7616342533827176e-05
411,292.053452872,5.9996,3.757260835209882e-05
412,292.7622937629985,7.1691,3.7529050455493834e-05
413,293.4702380919989,7.2463,3.748529722901244e-05
414,294.177442188,6.2615,3.744159093648155e-05
415,294.88395312399916,6.8113,3.739793735450624e-05
416,295.5902990729992,7.3152,3.73543243532099e-05
417,296.3005631219985,7.2303,3.731072542783958e-05
418,297.00710532299854,7.2305,3.726688237351852e-05
419,297.71277061399996,5.5813,3.7223260449012366e-05
420,298.42078866500015,7.0741,3.7179704625740796e-05
421,299.1280448889993,6.5478,3.713600127191361e-05
422,299.8357358279991,7.484,3.7092349877098786e-05
423,300.54260659699867,7.7197,3.704866187425933e-05
424,301.24942702599947,6.0526,3.700502819543219e-05
425,301.9569159019993,7.7921,3.6961397446296334e-05
426,302.6639065679992,7.6552,3.691772258561735e-05
427,303.3723150329988,7.3433,3.6874083257839574e-05
428,304.0791681069986,6.8391,3.683034995709875e-05
429,304.7874106069994,7.174,3.678671685740741e-05
430,305.49405500600005,5.5078,3.674299658000002e-05
431,306.2005318060001,7.1411,3.66993788237037e-05
432,306.90701092699965,6.6498,3.665577165253092e-05
433,307.61906749599984,7.9936,3.661215098438277e-05
434,308.32583004299886,6.1907,3.6568202402037106e-05
435,309.0334213440001,7.4374,3.65245815054322e-05
436,309.7409227979988,6.5413,3.648089753753095e-05
437,310.4501969819994,6.2284,3.643723107518523e-05
438,311.15618212299887,6.9204,3.639344483629632e-05
439,311.86348286700013,6.7442,3.63498710616667e-05
440,312.5718022289984,7.0814,3.6306205511296356e-05
441,313.27934276999986,6.6733,3.626248519024692e-05
442,313.98708528299903,7.1253,3.6218806576049404e-05
443,314.6941092500001,7.0053,3.6175119524938326e-05
444,315.4032722539996,6.9199,3.6131476808271675e-05
445,316.11146710399953,7.1134,3.608770132611111e-05
446,316.82050204499865,7.2165,3.6043985697777795e-05
447,317.53038466999897,7.4569,3.6000219224259264e-05
448,318.23926944399864,7.0496,3.5956397015185226e-05
449,318.9494869989994,7.8976,3.5912639491666765e-05
450,319.65744006899877,7.0906,3.586880228802475e-05
451,320.3673590589988,7.2346,3.582510055919759e-05
452,321.074960472999,7.4967,3.5781270291296366e-05
453,321.78143256399926,7.1351,3.573759685401242e-05
454,322.4888605549986,7.1334,3.569398755913583e-05
455,323.19757194999875,7.8737,3.565030968598775e-05
456,323.9049128009992,7.3704,3.560657211413585e-05
457,324.6120932119993,7.0991,3.55629047506173e-05
458,325.317119035999,7.0444,3.551925361240743e-05
459,326.0233746099984,6.8422,3.547573195209876e-05
460,326.72909767499914,6.9423,3.543214467820993e-05
461,327.43761877,6.6497,3.538857588290133e-05
462,328.1457574299984,6.6128,3.5344840171851896e-05
463,328.8525798289993,7.2394,3.5301129226913593e-05
464,329.56008889999976,6.9735,3.525750244074078e-05
465,330.2682653089996,6.6296,3.521382110858033e-05
466,330.9746401829998,6.9586,3.5170112868580324e-05
467,331.67941867699847,5.4349,3.512650659049384e-05
468,332.3868990889987,6.4374,3.5083000148395086e-05
469,333.0938002490002,6.4072,3.50393272276544e-05
470,333.8006832279989,6.3043,3.4995688841728435e-05
471,334.50909376099844,6.9684,3.4952055896358024e-05
472,335.2173498789998,6.6777,3.4908329427716136e-05
473,335.92611916699934,7.1806,3.4864612776172866e-05
474,336.63438854999913,7.4331,3.482086321660501e-05
475,337.3416600089986,5.7109,3.477713553975309e-05
476,338.0501771700001,7.0963,3.473347839092594e-05
477,338.7577032779991,6.9197,3.468974668469136e-05
478,339.4654751049984,7.8325,3.4646067073148244e-05
479,340.1742214629994,7.1645,3.460238265092599e-05
480,340.8810304559993,7.2009,3.4558631832407497e-05
481,341.58842299999924,6.7895,3.45149994677161e-05
482,342.29425465499844,7.1369,3.4471333032407406e-05
483,343.0022973089999,6.6411,3.4427763020555546e-05
484,343.7104482809991,7.1798,3.4384058444321e-05
485,344.41692892299943,6.9075,3.434034805586421e-05
486,345.1269734999987,7.0023,3.4296736043209954e-05
487,345.83620185699874,7.5022,3.4252904608580294e-05
488,346.5416290029989,6.896,3.420912979580256e-05
489,347.2502637540001,7.1882,3.416557941648153e-05
490,347.9561799639996,6.6489,3.412183612277782e-05
491,348.66324856199935,7.4435,3.4078259654938346e-05
492,349.3705983669988,6.618,3.403461721666668e-05
493,350.0793998069985,6.8987,3.399095805586423e-05
494,350.7861118309993,6.5523,3.3947198588148244e-05
495,351.49198499199883,5.8635,3.390357600944445e-05
496,352.1982525099993,6.3793,3.3860007569876615e-05
497,352.9065063019989,6.7171,3.381640906919754e-05
498,353.6167518349994,6.9063,3.377268459172846e-05
499,354.3258368379993,6.666,3.3728846433333376e-05
500,355.03426935899915,6.7374,3.368507377654326e-05
501,355.7425347929984,7.3308,3.3641350097222255e-05
502,356.448020586,7.2458,3.359762355820995e-05
503,357.1544065829985,6.8778,3.355407773055565e-05
504,357.86139885800003,7.1137,3.351046837456798e-05
505,358.56841599200015,6.6933,3.346683297555557e-05
506,359.277019354,7.0646,3.342319090709882e-05
507,359.9844792779986,7.1109,3.337944562518524e-05
508,360.69186566999997,7.7192,3.33357778483951e-05
509,361.3975328919987,7.2262,3.32921088382099e-05
510,362.1084979239986,7.5268,3.3248549260679064e-05
511,362.8142518129989,6.8423,3.320465902604941e-05
512,363.5234634999997,7.3856,3.3161098310370386e-05
513,364.232289435,5.7516,3.311732075993837e-05
514,364.9398986749984,6.8253,3.307356923259261e-05
515,365.6465070059985,6.9053,3.3029883292716074e-05
516,366.35480634799933,5.7827,3.298626596629635e-05
517,367.06237882499954,6.804,3.294254360907411e-05
518,367.7715239979989,7.3559,3.2898862263765505e-05
519,368.47995313499996,7.1052,3.2855090652284036e-05
520,369.1873841910001,7.3743,3.2811363281234665e-05
521,369.89450343599856,7.6032,3.276769626888897e-05
522,370.60292269599995,5.9002,3.2724045197777806e-05
523,371.3107505709995,7.3567,3.268031704141984e-05
524,372.0181624839988,7.3771,3.263662559450619e-05
525,372.72481345899905,6.8587,3.2592957780987735e-05
526,373.431282046,5.8563,3.254933425055556e-05
527,374.13662888699946,5.9976,3.250572538222222e-05
528,374.8429761219995,6.9893,3.246218810234574e-05
529,375.54941370099914,6.7343,3.2418583701913654e-05
530,376.2564238149989,7.3778,3.237498179950622e-05
531,376.96376513799987,6.5911,3.23313275427778e-05
532,377.6717119929999,6.6811,3.22876739895679e-05
533,378.3799984349989,6.5939,3.224397611709876e-05
534,379.0884702179992,6.4846,3.220024818401243e-05
535,379.79731912399984,7.3168,3.215651404839511e-05
536,380.5038567189986,6.2966,3.2112752355185225e-05
537,381.2103425289988,6.6076,3.206915076518519e-05
538,381.9174232059995,6.6731,3.202554203697533e-05
539,382.62622851099877,6.1849,3.19818881177778e-05
540,383.33396751500004,6.9822,3.193812189450618e-05
541,384.04126902499956,6.7621,3.189445175907414e-05
542,384.75134614499984,7.382,3.185078850240744e-05
543,385.45906567199927,6.6166,3.1806957084506205e-05
544,386.1647810449995,6.0639,3.176326899913583e-05
545,386.8728384879996,6.9115,3.171970369716056e-05
546,387.5809339469997,7.2718,3.167599260469143e-05
547,388.290480751999,6.8178,3.163228589827163e-05
548,388.9996799669989,7.284,3.158848898246914e-05
549,389.70651889799956,6.8729,3.154471269907406e-05
550,390.4157542419998,7.6662,3.1501077657530914e-05
551,391.12308269499954,6.5625,3.1457303556728426e-05
552,391.83380248199865,7.6845,3.141363553419754e-05
553,392.5435163309994,7.5708,3.136976727191363e-05
554,393.2502300369997,6.9823,3.132595649475313e-05
555,393.9590796889988,7.3374,3.128232854166673e-05
556,394.664022044999,6.3153,3.1238565818333384e-05
557,395.36990009500005,5.9682,3.1195061995061755e-05
558,396.07679488099893,7.0103,3.1151482860679026e-05
559,396.7828845749991,5.8121,3.110785442981484e-05
560,397.49246995999965,7.1319,3.106426553283952e-05
561,398.2021379479993,7.2829,3.1020462947098846e-05
562,398.9089169709987,6.43,3.097665630654325e-05
563,399.61943215799874,7.2762,3.093303105438281e-05
564,400.3293752069985,7.1988,3.088917084765438e-05
565,401.0375152029992,6.6981,3.0845344479691375e-05
566,401.7434816139994,6.1348,3.0801631955493895e-05
567,402.45191457599867,6.9392,3.075805384728404e-05
568,403.15735430699897,6.0974,3.0714326275802475e-05
569,403.86690775499846,7.054,3.067077558500005e-05
570,404.57343910300006,5.8465,3.062698119925935e-05
571,405.2833734750002,7.0042,3.058336831493829e-05
572,405.99329604800005,7.4138,3.053954620808641e-05
573,406.6999877489998,6.608,3.0495717240185255e-05
574,407.4058508599992,6.728,3.045210508524695e-05
575,408.1152432989984,6.8015,3.0408531976234623e-05
576,408.8225169649995,6.4558,3.036474225512348e-05
577,409.530829583,6.7983,3.0321082825926005e-05
578,410.23871214099927,6.8433,3.0277353399876608e-05
579,410.9481762659998,6.9132,3.0233665288827263e-05
580,411.6565273619999,7.0059,3.0189867165926013e-05
581,412.36510219499905,6.8373,3.0146142601975325e-05
582,413.0718434270002,7.0452,3.0102400012654386e-05
583,413.7797814730002,7.2649,3.005877956567906e-05
584,414.4914171979999,7.2809,3.0015076103765505e-05
585,415.1993186639993,7.0757,2.9971153958580278e-05
586,415.91075352199914,7.1228,2.9927452377592597e-05
587,416.6203709069996,6.4525,2.9883538170000038e-05
588,417.3304619289993,7.4261,2.983973771722228e-05
589,418.03928544799965,6.6738,2.9795897418024775e-05
590,418.7465486539986,6.02,2.975213322351852e-05
591,419.4551240059991,6.9829,2.970848502376544e-05
592,420.1616724329997,5.8282,2.9664745224382718e-05
593,420.8676613179996,5.9175,2.9621131100987742e-05
594,421.57649978799964,6.9794,2.9577556282222273e-05
595,422.2857507560002,6.3912,2.9533799885246953e-05
596,422.9933174359994,7.3824,2.949001872302475e-05
597,423.7000034879984,6.6279,2.9446339222839603e-05
598,424.409363159999,6.7626,2.9402720895925963e-05
599,425.11941816799845,6.2912,2.9358929399753117e-05
600,425.82871208100005,7.1062,2.9315061593395087e-05
601,426.53543238199927,6.6789,2.9271318445000005e-05
602,427.2422541479991,6.2968,2.9227688605864234e-05
603,427.94929662899995,5.53,2.918406254209879e-05
604,428.6568311769988,6.1203,2.914041662401236e-05
605,429.3648053509987,6.5714,2.9096742764876593e-05
606,430.0735207869984,6.4787,2.9053039931172922e-05
607,430.78103045399985,6.426,2.900929056543219e-05
608,431.4902455470001,6.7025,2.896561638135811e-05
609,432.19660530999863,5.7423,2.8921835409259256e-05
610,432.90314426199984,6.5034,2.8878238202407465e-05
611,433.60813482199956,6.1071,2.883462061783957e-05
612,434.3171926769992,7.6067,2.8791107517901296e-05
613,435.023930768999,7.3428,2.8747330350000052e-05
614,435.7328360529991,6.9627,2.8703713865617355e-05
615,436.43965958099943,5.8033,2.8659947282407485e-05
616,437.14696959399953,6.5309,2.861631829314825e-05
617,437.85784873599914,6.0909,2.857265744376547e-05
618,438.5668078079998,7.3045,2.852877727981481e-05
619,439.27645139000015,6.0151,2.8485014170123526e-05
620,439.98447360499995,7.0534,2.8441207784135822e-05
621,440.69442127799994,6.7042,2.8397504984691354e-05
622,441.4011601689999,5.9827,2.835368117641978e-05
623,442.1101299889997,7.4911,2.8310054286790143e-05
624,442.82026506799957,7.3077,2.8266290042530934e-05
625,443.5302394800001,6.2593,2.822245603783959e-05
626,444.23675745799846,6.4789,2.8178623765370394e-05
627,444.94432885199967,6.2769,2.8135019625370428e-05
628,445.65295690399944,6.8467,2.8091341107716108e-05
629,446.3591651030001,6.8476,2.804759942716059e-05
630,447.065713082,5.5573,2.800400467104939e-05
631,447.77641735199904,7.1786,2.796039113055564e-05
632,448.48356289799995,6.9099,2.7916518014938302e-05
633,449.19357573900015,6.658,2.787286950586428e-05
634,449.9025398549984,6.8724,2.7829039829382763e-05
635,450.61071446299866,6.9146,2.7785274844691455e-05
636,451.3200319239986,6.6765,2.7741561322345776e-05
637,452.02778911099995,6.8076,2.7697773411728455e-05
638,452.73804833599934,6.9555,2.7654091276975314e-05
639,453.4462368739987,7.0866,2.7610245438518513e-05
640,454.15578926499984,6.6869,2.7566527250925933e-05
641,454.86394734499845,6.3174,2.7522731217345776e-05
642,455.57198144299946,6.7064,2.7479017059506167e-05
643,456.2802147479997,7.368,2.743531314666671e-05
644,456.9870281509993,7.2381,2.739159309802475e-05
645,457.6948496199984,6.3892,2.734796373604942e-05
646,458.4026858069992,7.2964,2.7304269524753114e-05
647,459.11303580599997,6.5461,2.7260577575000047e-05
648,459.8187725689986,6.9278,2.721672581240747e-05
649,460.5275976089997,6.9465,2.717316054345685e-05
650,461.23635561899937,6.2384,2.7129413144629677e-05
651,461.94552647099954,6.8145,2.7085655684382737e-05
652,462.65363934800007,6.6298,2.7041880572839585e-05
653,463.36279697899954,6.3268,2.6998170773333386e-05
654,464.0703072460001,6.9561,2.6954395407530885e-05
655,464.77741095499914,6.5458,2.6910722642098763e-05
656,465.48606652799936,6.9828,2.686707300518517e-05
657,466.1930833899987,7.0837,2.6823327714938262e-05
658,466.90164673599975,7.0164,2.67796865610494e-05
659,467.6105097039999,6.5833,2.6735944566975337e-05
660,468.3218909019997,6.9578,2.66921891239507e-05
661,469.0282073929993,6.709,2.6648278964691407e-05
662,469.7347269459988,6.3328,2.6604679345000028e-05
663,470.4423584849992,6.8067,2.6561070388888876e-05
664,471.1500358889989,7.223,2.6517387908024716e-05
665,471.858611231999,7.119,2.6473701850308664e-05
666,472.56412621099844,7.1379,2.642996204345685e-05
667,473.2717852409987,6.5079,2.6386408979321042e-05
668,473.981121159999,6.6745,2.6342733825493853e-05
669,474.692232247,5.8527,2.6298943420308632e-05
670,475.3996776889999,6.7829,2.6255044792283955e-05
671,476.11144321699976,7.1075,2.6211379226543265e-05
672,476.81906084599905,6.8139,2.6167445326234573e-05
673,477.5292490699994,6.7999,2.6123767631111207e-05
674,478.2364314039987,6.0613,2.6079923879444524e-05
675,478.9435654539993,6.2951,2.6036269325493913e-05
676,479.65237871299905,6.1334,2.5992619633024684e-05
677,480.3614556499997,6.9956,2.5948868099753167e-05
678,481.06937781799934,6.0566,2.5905093832777794e-05
679,481.77709283399963,6.9578,2.586139625697539e-05
680,482.4854110359993,7.1303,2.581771118993834e-05
681,483.1938741719987,7.269,2.5773988611234602e-05
682,483.9012498289994,6.3343,2.5730255611851932e-05
683,484.6101661499997,7.2466,2.568658805790125e-05
684,485.3207343919985,7.2,2.564282555456795e-05
685,486.03046772699963,6.2995,2.5598967487592656e-05
686,486.73889117699946,7.0785,2.5555156427037087e-05
687,487.44596542199906,6.2489,2.5511427122654384e-05
688,488.15666905099897,6.9658,2.5467777885493926e-05
689,488.8643902139993,7.1493,2.5423911944074092e-05
690,489.57257543000014,6.6113,2.5380225267469125e-05
691,490.2817518599986,6.7671,2.533651051950624e-05
692,490.9884111479987,6.4722,2.529273325185184e-05
693,491.69642522999857,5.807,2.5249111464691388e-05
694,492.4032015929988,6.7506,2.5205411423888976e-05
695,493.108641543,6.1599,2.5161781168888888e-05
696,493.81498809299956,7.0563,2.5118233557839544e-05
697,494.52397857399956,7.2845,2.507462861061733e-05
698,495.23361391899925,6.7788,2.5030866927345753e-05
699,495.9399248819991,6.0151,2.498706100055564e-05
700,496.64960254499965,6.5862,2.4943459523148233e-05
701,497.35591007399853,5.6672,2.4899659320802547e-05
702,498.0633256450001,6.9916,2.4856054916049458e-05
703,498.77090933399995,6.6637,2.481238967222228e-05
704,499.47931735400016,6.6189,2.4768710406111207e-05
705,500.1890885119992,7.2914,2.4724978719876633e-05
706,500.9009244659992,5.6631,2.4681167363333424e-05
707,501.6081129329996,6.4698,2.4637224229074136e-05
708,502.31597342499845,7.1757,2.4593575616728442e-05
709,503.02455242499855,5.9322,2.4549875237037073e-05
710,503.7309417739998,5.7773,2.450614252339507e-05
711,504.4430756040001,7.075,2.446253187895062e-05
712,505.15220777099967,7.108,2.441857577259265e-05
713,505.8582197479991,6.5105,2.437480511839511e-05
714,506.5642756439993,4.411,2.4331223853024755e-05
715,507.27141485599896,4.3397,2.4287638044814814e-05
716,507.9792581499987,6.1548,2.424398741061738e-05
717,508.6866682969994,6.6355,2.420029333240743e-05
718,509.3959916959993,6.5765,2.415662554092593e-05
719,510.10634184099945,6.753,2.4112838418024784e-05
720,510.8165304489994,5.9202,2.406898993117286e-05
721,511.5246517179985,6.3381,2.402515502814822e-05
722,512.2312932189998,6.7727,2.398143866080251e-05
723,512.9409664229988,7.3604,2.3937823311234643e-05
724,513.6516534419989,7.0453,2.389401252530874e-05
725,514.3611501399992,6.7989,2.3850145049814892e-05
726,515.0678909889994,5.1883,2.3806351448518534e-05
727,515.7763548259991,7.3125,2.3762723455308705e-05
728,516.4822268089993,6.3925,2.371899872993832e-05
729,517.1908552619989,6.4797,2.3675418343641974e-05
730,517.8987613230001,6.9477,2.3631677336481494e-05
731,518.6063973820001,6.4482,2.358797532783952e-05
732,519.3149422079987,5.1302,2.3544298752592598e-05
733,520.0232688849992,6.0589,2.3500559484074065e-05
734,520.7330809239993,7.4389,2.3456840053086467e-05
735,521.4396701179994,6.1257,2.3413019464506186e-05
736,522.1457464539999,5.9778,2.336940193907409e-05
737,522.8536901719999,6.1154,2.332581734209877e-05
738,523.5621949439992,6.9982,2.3282118407160502e-05
739,524.2705050280001,6.6337,2.3238384181481536e-05
740,524.979472785999,6.3214,2.3194660106358096e-05
741,525.6867363129986,7.1187,2.315084082462964e-05
742,526.3943191859998,5.6991,2.3107237804012394e-05
743,527.1015971119996,6.7135,2.3063563756851846e-05
744,527.8084954459991,6.6839,2.3019901235802537e-05
745,528.5182365799992,6.1907,2.2976266127530882e-05
746,529.2265544499987,6.0631,2.2932455563333388e-05
747,529.9323809519992,5.305,2.2888733095247002e-05
748,530.6412910210001,6.7214,2.2845162206666727e-05
749,531.349934771999,6.6471,2.2801404676049375e-05
750,532.0608154379988,6.196,2.275765623561733e-05
751,532.7676605749984,5.0896,2.271377517537042e-05
752,533.4762912249989,6.3872,2.2670145172037055e-05
753,534.1851168689991,6.8489,2.2626404327037125e-05
754,534.8923455409986,6.5162,2.258264993919758e-05
755,535.6021628580002,6.5929,2.2538991420370388e-05
756,536.3072250770001,6.1051,2.249517820179015e-05
757,537.0155537720002,6.4347,2.2451650036419768e-05
758,537.7238426299991,6.7481,2.240792786228398e-05
759,538.432788049,6.6033,2.2364212073271685e-05
760,539.1402180649984,5.9632,2.2320444617283965e-05
761,539.8451589039996,6.0462,2.227678069462967e-05
762,540.554244256,7.3126,2.2233262441234582e-05
763,541.2599368229985,6.4555,2.2189495838642027e-05
764,541.9677315600002,6.1734,2.2145935111913652e-05
765,542.6750500219987,6.2933,2.2102236588888908e-05
766,543.3809340469998,4.7353,2.2058579581913636e-05
767,544.0882313379989,5.8056,2.2015006537901315e-05
768,544.7943254559996,6.5671,2.1971344306605006e-05
769,545.5030125069989,6.8412,2.192776092283959e-05
770,546.2089816449989,7.0911,2.1884007635247e-05
771,546.9145712109985,6.567,2.184043684043215e-05
772,547.6236245689997,6.4268,2.1796880621049476e-05
773,548.3312930419997,6.1216,2.1753112335123483e-05
774,549.0427001150001,7.1826,2.1709428280679094e-05
775,549.7490678319991,4.8513,2.16655090453704e-05
776,550.456015406,6.5301,2.1621904684567916e-05
777,551.1629823309995,6.5051,2.1578274676790155e-05
778,551.870745500999,7.1853,2.1534624447901286e-05
779,552.5766492139992,5.1777,2.1490943334814867e-05
780,553.2869424989985,7.4222,2.1447369799197537e-05
781,553.9953868569992,5.7761,2.14035234256173e-05
782,554.7053157239989,7.2293,2.1359793512530908e-05
783,555.4118274269986,5.858,2.131596983006176e-05
784,556.1188219529995,6.1848,2.127235515481482e-05
785,556.8254743709986,6.6676,2.1228712139691422e-05
786,557.536556355999,6.6018,2.1185095064074066e-05
787,558.2451799720002,6.5989,2.114119727895067e-05
788,558.9524997169992,7.1554,2.10974576419754e-05
789,559.6586573069999,5.6775,2.1053798342962993e-05
790,560.3703530049988,6.864,2.101020807234571e-05
791,561.077942553,6.0556,2.0966272942654384e-05
792,561.7874891349984,6.4613,2.092259642209885e-05
793,562.4940357830001,4.9637,2.0878797974074126e-05
794,563.2014383589994,6.4401,2.0835188630185205e-05
795,563.909597206999,6.6608,2.079151422956795e-05
796,564.6171170779999,6.3886,2.0747802731049414e-05
797,565.3241438179994,5.1906,2.0704127436913578e-05
798,566.0318349469999,5.5944,2.0660484729938323e-05
799,566.7410827610001,6.8656,2.0616798507098795e-05
800,567.4488398509984,5.4441,2.057301674475313e-05
801,568.1569115539987,7.5554,2.0529331999814867e-05
802,568.8674223569997,7.0204,2.0485624135185223e-05
803,569.5777406479992,6.5993,2.0441767569382812e-05
804,570.2837370509988,6.5152,2.0397916762530945e-05
805,570.9924358389999,6.1579,2.035433566555555e-05
806,571.7017725320002,6.9713,2.0310591065740765e-05
807,572.4112585259991,7.0503,2.0266806319444493e-05
808,573.1203387679998,6.1754,2.0223012741913677e-05
809,573.8274029159984,6.5503,2.0179238759012352e-05
810,574.5355793210001,5.9028,2.013559331500004e-05
811,575.2457640719986,6.6874,2.0091880642407495e-05
812,575.9538774269986,5.7677,2.004797517111113e-05
813,576.662166614,7.122,2.000431948111114e-05
814,577.3704817990001,6.0576,1.9960603098395076e-05
815,578.079679171,6.6337,1.9916883543456823e-05
816,578.7858548479999,6.5835,1.9873103752839532e-05
817,579.4930724549995,4.9437,1.9829524916481483e-05
818,580.2001667299992,7.0331,1.978586134592593e-05
819,580.9078239629998,6.3125,1.974221531753093e-05
820,581.6172017069985,6.6277,1.9698533345123495e-05
821,582.3249134679991,6.9592,1.9654739888888955e-05
822,583.0320956420001,6.6516,1.96110553711729e-05
823,583.7394797879988,6.6341,1.956740589104946e-05
824,584.4476991889987,6.2055,1.952373612246919e-05
825,585.1552887259986,6.0835,1.948002315895062e-05
826,585.8642056809986,6.6426,1.943634108074076e-05
827,586.572906342999,6.3721,1.9392578947962996e-05
828,587.2820072239992,6.5607,1.9348832622716056e-05
829,587.9887523460002,5.0985,1.9305055933765502e-05
830,588.698098679999,6.6296,1.926143894524698e-05
831,589.4080108139988,7.0557,1.9217645231172944e-05
832,590.1163296839986,7.0822,1.9173831814938287e-05
833,590.8237121579987,5.424,1.9130100380555598e-05
834,591.5310351879998,6.0556,1.9086441913209964e-05
835,592.2373172309999,6.6614,1.9042774204012353e-05
836,592.9462270509994,6.7048,1.8999176488209913e-05
837,593.6538766489994,5.1762,1.895542319413588e-05
838,594.3635378919989,6.8858,1.8911727900926006e-05
839,595.0713092389997,6.4212,1.8867927438580263e-05
840,595.7798894709995,5.7284,1.8824243721419743e-05
841,596.4890156739984,6.8089,1.8780501758518553e-05
842,597.1971709709997,6.557,1.8736730972839524e-05
843,597.9036201759991,6.3416,1.8693013124444452e-05
844,598.6095828990001,5.7921,1.8649404606604985e-05
845,599.3152597549997,4.9167,1.860582950234576e-05
846,600.0243254929992,6.8862,1.8562271446605034e-05
847,600.7301130420001,5.9313,1.8518494285493897e-05
848,601.4408327149995,7.2918,1.8474932413827232e-05
849,602.1511983199998,7.0442,1.8431067311358104e-05
850,602.8611631129988,6.5809,1.8387212471543196e-05
851,603.5711609769987,7.0157,1.834338485172844e-05
852,604.2787486069992,6.2696,1.829955772450623e-05
853,604.9849566619996,5.4494,1.8255880133395147e-05
854,605.6960065219992,6.9384,1.821228989586427e-05
855,606.4037150389995,6.2016,1.8168390630246983e-05
856,607.1123164439996,6.8498,1.812471218919761e-05
857,607.8220754489994,6.317,1.8080969555123466e-05
858,608.5303614109998,6.9302,1.803715323765438e-05
859,609.2392943359991,6.7006,1.7993428749135843e-05
860,609.9477792589987,6.1003,1.794967256790131e-05
861,610.6537028539988,6.0875,1.7905945916172866e-05
862,611.3613631069984,7.0555,1.78623631422223e-05
863,612.0715028659997,5.6702,1.7818680590740816e-05
864,612.7782945999988,7.322,1.7774848398086514e-05
865,613.4868905259991,6.2532,1.7731223911975387e-05
866,614.1938893890001,6.2717,1.768747830598773e-05
867,614.903788620999,6.176,1.7643835200061733e-05
868,615.6112665169985,6.1504,1.76000155204939e-05
869,616.3165833589992,6.1224,1.7556344565185177e-05
870,617.0245948759984,7.0273,1.7512802037592652e-05
871,617.7312408639991,5.6495,1.7469097684876638e-05
872,618.4404856469992,6.4019,1.7425480571790126e-05
873,619.1476877419991,4.7067,1.7381702438395138e-05
874,619.8566052789993,7.039,1.733804244006181e-05
875,620.5622799529992,5.5434,1.7294288635864213e-05
876,621.2696986929986,6.4535,1.7250724433456805e-05
877,621.9764867959984,6.2211,1.720705646691363e-05
878,622.6813561339986,6.5752,1.71634324589507e-05
879,623.3908646129985,7.0372,1.7119916713024765e-05
880,624.0996984319991,7.2494,1.7076120604999997e-05
881,624.8056190719999,5.9726,1.703236864679021e-05
882,625.5138954699996,6.6055,1.6988793961666683e-05
883,626.2222780079992,6.3287,1.6945070792345728e-05
884,626.9286747869992,6.4459,1.6901338091049385e-05
885,627.6377921049989,6.6719,1.6857740404629684e-05
886,628.3455918559994,6.4277,1.6813967309259327e-05
887,629.0501523969997,6.8521,1.6770273961234615e-05
888,629.7581751500002,6.8347,1.6726786004444452e-05
889,630.4647571019996,6.6804,1.66830686148149e-05
890,631.1746584749999,6.1391,1.6639461436234567e-05
891,631.8824873559988,6.6577,1.6595638825123456e-05
892,632.5897784529989,7.113,1.6551946145061747e-05
893,633.2971688809994,5.7091,1.650828732469136e-05
894,634.005227697,6.5297,1.6464621629074157e-05
895,634.7144090989987,6.9891,1.642091335209881e-05
896,635.4228081559995,5.5112,1.6377136651419817e-05
897,636.1279598509991,5.8549,1.6333409157037123e-05
898,636.8355442430002,6.3719,1.6289881180493894e-05
899,637.5412548179993,6.4427,1.6246208705432104e-05
900,638.2516466479992,5.5387,1.6202637389074136e-05
901,638.961067283999,6.5075,1.61587914027161e-05
902,639.6676125099984,4.5772,1.6114991497716115e-05
903,640.3768084939984,6.6037,1.6071383711172932e-05
904,641.0845471849989,5.3875,1.602761147512349e-05
905,641.7901144429998,6.5977,1.59839191837038e-05
906,642.4978318819994,6.4549,1.5940364973333395e-05
907,643.2049253239984,7.0548,1.5896680550308644e-05
908,643.9138906509997,6.7504,1.5853030024567893e-05
909,644.6180204939992,6.0957,1.5809266130370386e-05
910,645.3255305379989,5.8456,1.5765805533271677e-05
911,646.0341593009998,5.9896,1.5722128929629647e-05
912,646.7395543269995,3.9501,1.5678388361790143e-05
913,647.4480027159989,5.8465,1.563484148382722e-05
914,648.1543244559998,6.5422,1.5591110697654314e-05
915,648.8608371069986,6.4667,1.5547511831296386e-05
916,649.5692922179987,5.5628,1.550390902345689e-05
917,650.2766913939995,5.9328,1.5460169390432193e-05
918,650.9832819249987,6.1827,1.541650217024698e-05
919,651.6925469509988,6.3834,1.537288458876553e-05
920,652.4016756820001,6.732,1.5329104762222303e-05
921,653.1102762749997,5.5817,1.5285332946172904e-05
922,653.8187271869992,6.8483,1.5241587671543256e-05
923,654.5299734629989,6.6893,1.5197853824629643e-05
924,655.2396520929997,6.6789,1.5153956075617337e-05
925,655.9470592939997,5.8349,1.5110150276666702e-05
926,656.6543699979993,6.3285,1.5066474284876563e-05
927,657.364346196,6.2915,1.5022819977345681e-05
928,658.0698280079996,5.762,1.4978993007592596e-05
929,658.777643763,6.3121,1.4935446243642016e-05
930,659.4858425919992,6.3009,1.4891754049135842e-05
931,660.1972619759999,6.3904,1.4848035109259324e-05
932,660.9052842689998,5.343,1.4804118819629704e-05
933,661.613848469,7.0381,1.476041923518523e-05
934,662.321116142999,6.8521,1.4716680953827194e-05
935,663.0285314510002,6.2677,1.4673019456913606e-05
936,663.735069712,6.783,1.462935195240744e-05
937,664.4417867960001,6.7147,1.4585736332962963e-05
938,665.1499991839992,6.1879,1.4542115958395103e-05
939,665.8580767749991,7.0051,1.4498339236172875e-05
940,666.567147488,6.4505,1.445469129839514e-05
941,667.2749741150001,6.7687,1.4410918869567963e-05
942,667.9812045219987,6.579,1.4367221458703767e-05
943,668.6888604039996,5.4783,1.4323628609382795e-05
944,669.395440536,6.4852,1.4279946063950684e-05
945,670.1018202609994,6.0769,1.423633058037046e-05
946,670.8085757609988,6.1394,1.4192731121666713e-05
947,671.5188533820001,7.2273,1.4149099055987647e-05
948,672.2279838959985,7.5871,1.4105254900123554e-05
949,672.9378520609989,5.8022,1.4061480992963039e-05
950,673.6461696099996,7.2843,1.4017663298271616e-05
951,674.3535455019992,6.2177,1.3973939454012403e-05
952,675.0613135329986,6.7979,1.3930273409567934e-05
953,675.7692147689995,7.2864,1.3886586113580347e-05
954,676.478498601,7.0583,1.3842892161666759e-05
955,677.1892227419994,6.4076,1.379910231030868e-05
956,677.8969037829993,6.8914,1.3755233219506208e-05
957,678.6035863399993,5.6598,1.3711543437469198e-05
958,679.3135215719994,6.7294,1.3667924284506211e-05
959,680.0205509009993,6.0544,1.3624104372777846e-05
960,680.7300896050001,6.5269,1.3580467065123548e-05
961,681.4361937630001,5.8207,1.3536657989320983e-05
962,682.1456214729988,6.7826,1.3493074511049409e-05
963,682.8544918089992,6.3606,1.3449284222469154e-05
964,683.5628268439996,5.448,1.340552905413584e-05
965,684.2708030869999,6.5564,1.3361803818148183e-05
966,684.9772961859999,6.2856,1.3318098186419765e-05
967,685.6858996279989,6.3931,1.3274491666790123e-05
968,686.392768280999,6.7568,1.3230743622160519e-05
969,687.1037581059991,6.8914,1.3187110396728386e-05
970,687.813030334999,6.9124,1.3143228831419756e-05
971,688.5241780429988,6.4659,1.30994196818519e-05
972,689.233339561999,6.6235,1.3055543143888971e-05
973,689.93992015,6.0573,1.3011767782839535e-05
974,690.6457578569989,6.0054,1.2968156041975299e-05
975,691.3559824139993,6.4262,1.292458728493835e-05
976,692.0624692739984,5.3672,1.2880740678580238e-05
977,692.7701952179996,5.6242,1.2837133077716123e-05
978,693.4757338119998,5.1194,1.2793443525185279e-05
979,694.1827785159985,5.7766,1.274989361975309e-05
980,694.8942688379993,6.0197,1.2706251533518521e-05
981,695.6002639009985,5.5565,1.26623243556173e-05
982,696.3084163289986,6.5893,1.2618749946296354e-05
983,697.0183996199994,6.9479,1.2575038715740783e-05
984,697.7265396109997,6.2855,1.2531210855061737e-05
985,698.4338761259987,6.5613,1.2487497626851919e-05
986,699.142049742999,5.6037,1.2443833096913632e-05
987,699.8532323109994,7.1457,1.2400119551790163e-05
988,700.5610320699998,6.7523,1.2356218574691353e-05
989,701.2701861999994,6.7107,1.2312532197098831e-05
990,701.9790634689998,6.4765,1.2268751659321088e-05
991,702.6875326720001,6.994,1.2224995819259349e-05
992,703.398185733,6.3014,1.2181264517716112e-05
993,704.1065698879993,6.7879,1.2137401263271609e-05
994,704.8163654029995,5.076,1.2093663173703773e-05
995,705.5239403029991,6.157,1.2049853077592666e-05
996,706.232972885,6.5407,1.2006176012407455e-05
997,706.9401966679998,5.7431,1.1962407689444477e-05
998,707.6470810679984,6.464,1.191875001179018e-05
999,708.3538153829995,6.1681,1.1875122495432128e-05
1000,709.0633803879991,6.5997,1.183148666333339e-05
1001,709.7704719489993,6.6391,1.1787694862283993e-05
1002,710.4775254809992,5.7069,1.1744035342592691e-05
1003,711.1885268850001,5.9648,1.1700398358086462e-05
1004,711.8965597639999,6.5466,1.165651485413587e-05
1005,712.604651443,6.9694,1.1612801987098859e-05
1006,713.3118184279992,6.5234,1.1569094096604976e-05
1007,714.019314793999,5.6062,1.1525441320246939e-05
1008,714.730877254,6.4776,1.1481769282777854e-05
1009,715.4402668809998,6.4105,1.1437840395987742e-05
1010,716.150151668,6.8285,1.1394058150555548e-05
1011,716.856388446,4.6104,1.13502375556791e-05
1012,717.5653991290001,6.8667,1.130664349148149e-05
1013,718.2708346899999,6.4911,1.1262875335000055e-05
1014,718.9788695569987,5.2623,1.1219326886543242e-05
1015,719.687073137,6.8341,1.1175622003333341e-05
1016,720.3952044019989,6.4024,1.1131909817839547e-05
1017,721.1031905729997,5.0002,1.1088199841543307e-05
1018,721.812293085999,6.707,1.1044496351049378e-05
1019,722.5209039009987,6.242,1.100072562987654e-05
1020,723.2288856129999,6.3618,1.0956984109753076e-05
1021,723.9377548009998,6.4895,1.0913282205740839e-05
1022,724.6463990510001,6.1081,1.0869517403209866e-05
1023,725.3517558899985,6.2574,1.0825774489506186e-05
1024,726.061020911,6.6071,1.0782236095740778e-05
1025,726.7669186219991,7.0462,1.0738453885617306e-05
1026,727.4756905819995,5.7775,1.0694876624012395e-05
1027,728.1823974869985,6.2864,1.0651133726481549e-05
1028,728.8921483009999,6.8471,1.060750903271605e-05
1029,729.5981533180002,4.9231,1.0563700257716058e-05
1030,730.3075054609999,6.9647,1.0520115600864211e-05
1031,731.017657851,6.4365,1.04763287585186e-05
1032,731.726780224999,7.0403,1.0432490754074137e-05
1033,732.4371952779984,5.7532,1.0388710068642066e-05
1034,733.1466869739997,6.7197,1.0344861486049428e-05
1035,733.8522252169987,5.7877,1.0301063226419793e-05
1036,734.5573256419993,5.6062,1.0257520803148219e-05
1037,735.2653465980002,6.5416,1.0213995800864207e-05
1038,735.9716319229992,6.5874,1.017029226462966e-05
1039,736.6805676610002,7.115,1.012668957037044e-05
1040,737.3876738199997,5.9966,1.0082932562469227e-05
1041,738.0985162369998,6.0926,1.0039277946049463e-05
1042,738.8051736939997,6.2566,9.995397769506232e-06
1043,739.5105849020001,5.2324,9.951778261296296e-06
1044,740.2204284899999,6.5682,9.908240035493905e-06
1045,740.9279381919987,6.496,9.864417654012353e-06
1046,741.636987029,6.9483,9.820746112592683e-06
1047,742.3464183429987,6.8513,9.776976185432186e-06
1048,743.0536531130001,6.2185,9.733181090679056e-06
1049,743.7601545069992,4.8305,9.689527483456845e-06
1050,744.4665070939991,5.4046,9.645920124629709e-06
1051,745.1729674529997,6.2678,9.602304511049453e-06
1052,745.8800782210001,4.2447,9.558707979382731e-06
1053,746.5893047379996,7.0601,9.515054583765465e-06
1054,747.298620866999,6.396,9.471278476049394e-06
1055,748.0067792539994,6.1447,9.427491754382728e-06
1056,748.7144806259985,5.7353,9.38378165796301e-06
1057,749.4202773259985,5.9219,9.340095978703762e-06
1058,750.1281948039996,5.8259,9.296523444012405e-06
1059,750.8376457779996,6.4192,9.252826363888878e-06
1060,751.5462715539998,6.4417,9.209030924629713e-06
1061,752.2543925749997,5.3023,9.165296143518514e-06
1062,752.963571069,6.8414,9.121578849444517e-06
1063,753.6724825769998,5.5487,9.07780659777781e-06
1064,754.381988875999,6.3734,9.03404492956792e-06
1065,755.0877811449991,5.6701,8.99025244654324e-06
1066,755.7964434909991,5.1673,8.94668078290124e-06
1067,756.5043154129999,7.0009,8.902940084691397e-06
1068,757.2103818309988,4.4265,8.85924705969136e-06
1069,757.9184336999988,6.05,8.81565689481485e-06
1070,758.6251410169989,6.5183,8.771953186975384e-06
1071,759.3333705579989,6.9106,8.728325424135842e-06
1072,760.0424571139993,6.4725,8.684610718333425e-06
1073,760.7512629140001,6.2058,8.640835179567935e-06
1074,761.4621573879995,5.8778,8.597082542037132e-06
1075,762.1689435489989,6.9854,8.553203724938308e-06
1076,762.8776687019999,6.6344,8.509570128641975e-06
1077,763.5881946739992,6.7044,8.465826182407482e-06
1078,764.2950417479988,5.5081,8.421965431172885e-06
1079,765.0049377189989,6.4797,8.378331274814877e-06
1080,765.7135855589986,5.8299,8.334508934197594e-06
1081,766.4218517359986,6.506,8.290768687592627e-06
1082,767.1308216849993,5.8909,8.24704759987655e-06
1083,767.8391755339999,6.176,8.203284087407449e-06
1084,768.5477994069988,6.862,8.159557607037127e-06
1085,769.2584755649987,6.6678,8.115817068888914e-06
1086,769.9668651920001,5.9829,8.071945146851889e-06
1087,770.6776622159996,6.8109,8.028221124629715e-06
1088,771.3850681659987,6.6745,7.984341325246968e-06
1089,772.0917215619993,6.9241,7.940672740987682e-06
1090,772.8025132329985,6.1974,7.897057377777845e-06
1091,773.5097793449986,6.173,7.853174275617303e-06
1092,774.2180445569993,6.0564,7.809525395493922e-06
1093,774.9266900530001,6.6897,7.765804210000093e-06
1094,775.6339980960001,6.4282,7.722059201296361e-06
1095,776.3432738289994,6.2217,7.678397958271705e-06
1096,777.0513575549994,4.1382,7.63461592481488e-06
1097,777.7585185389999,6.1921,7.590910883518521e-06
1098,778.4696474849989,6.7182,7.547253761111189e-06
1099,779.1784988969994,6.3738,7.503357177530896e-06
1100,779.8859684339986,6.9797,7.459597223395137e-06
1101,780.5952968759993,5.5857,7.415932195864217e-06
1102,781.3026754879993,6.4755,7.372140718641985e-06
1103,782.0099719639984,4.1576,7.328480971481566e-06
1104,782.7167263179999,5.5473,7.284823764938343e-06
1105,783.4236173919999,5.2323,7.24120070586426e-06
1106,784.130336201999,4.1809,7.1975601482099144e-06
1107,784.8397439169985,6.2218,7.153934948086499e-06
1108,785.5489135099997,6.1627,7.110143255925961e-06
1109,786.2541357499995,5.4685,7.066367620740788e-06
1110,786.962110376,6.8012,7.022835066604955e-06
1111,787.6725110649986,6.7657,6.979135392962966e-06
1112,788.3787535699994,5.8585,6.935282273148175e-06
1113,789.0867173949991,6.7083,6.8916778075926665e-06
1114,789.7951671269984,6.0307,6.8479836690123754e-06
1115,790.5000402789992,3.3943,6.804254124197562e-06
1116,791.2118667099985,6.5461,6.760744153271609e-06
1117,791.9183153019985,6.4548,6.716803364567936e-06
1118,792.6258898309989,6.5321,6.673190522777773e-06
1119,793.3343392289989,6.594,6.629516794567919e-06
1120,794.0401435669992,6.7065,6.585783132037071e-06
1121,794.7482650579987,5.0561,6.5422163318518524e-06
1122,795.4568534519985,6.373,6.498504297345742e-06
1123,796.164873886999,6.7067,6.454765433271648e-06
1124,796.8751010479991,7.1932,6.41106072370371e-06
1125,797.5839842869991,6.4082,6.367215614506261e-06
1126,798.2890290389987,6.0819,6.3234577253087236e-06
1127,798.9986304369995,5.5761,6.279942069506184e-06
1128,799.7067842279994,6.4418,6.236135217530903e-06
1129,800.4144252529986,5.5623,6.1924198717284e-06
1130,801.1237466769999,6.2369,6.148736179382713e-06
1131,801.8343408629989,6.2228,6.104958166913577e-06
1132,802.5389995999994,5.2523,6.061097463580268e-06
1133,803.2481088019995,6.4737,6.017593086913664e-06
1134,803.9541862319984,5.8385,5.973820124259355e-06
1135,804.6619802249988,5.9885,5.93023391327161e-06
1136,805.3725705819998,6.5876,5.886545886666717e-06
1137,806.0812732630002,6.5159,5.842684800308695e-06
1138,806.7915890799995,6.5741,5.79893676265435e-06
1139,807.5006846099986,5.7429,5.755092085926011e-06
1140,808.2098473279984,7.1381,5.711320495493844e-06
1141,808.9177087799999,6.0237,5.667543588950608e-06
1142,809.6275333649992,5.9497,5.62385071808646e-06
1143,810.33565791,6.1819,5.580035744444528e-06
1144,811.0421576190001,6.4117,5.536320695493913e-06
1145,811.749763193,5.4697,5.49270270808645e-06
1146,812.4575175539994,6.7443,5.4490266189506315e-06
1147,813.1673136849986,5.8617,5.405337948395078e-06
1148,813.8761300909991,6.6948,5.3615200420988275e-06
1149,814.5846624349997,5.7747,5.317778026728437e-06
1150,815.2927440839994,5.7471,5.2740379498148586e-06
1151,816.0034069919984,6.4451,5.230326933580254e-06
1152,816.7098335539995,6.2873,5.186461719753155e-06
1153,817.4191054349994,6.3276,5.142852544691373e-06
1154,818.1272698599987,6.2167,5.099069824691355e-06
1155,818.8362498850001,6.6974,5.055352361296284e-06
1156,819.5475411199986,6.9266,5.011586211851943e-06
1157,820.2593532419996,6.9021,4.967678613765437e-06
1158,820.9690786189985,6.0288,4.9237451975309155e-06
1159,821.6774726069998,6.4803,4.879936864567924e-06
1160,822.3862779430001,6.985,4.836203599876554e-06
1161,823.0950990339988,5.5493,4.792451665617354e-06
1162,823.8069984619997,6.6226,4.748694134567938e-06
1163,824.5151567419998,6.6025,4.704748185740754e-06
1164,825.2236148129996,5.7872,4.661042561604934e-06
1165,825.9317293019994,6.8538,4.617309578950679e-06
1166,826.6407042179999,5.7935,4.57359504395069e-06
1167,827.3475300919999,5.4649,4.5298384476543275e-06
1168,828.0546187309992,6.4592,4.4862036404939075e-06
1169,828.7636852099986,5.1697,4.4425565576543316e-06
1170,829.4738420609992,5.6579,4.3987885441358125e-06
1171,830.1792011399993,6.8702,4.354950358086474e-06
1172,830.8852133209984,5.5752,4.311405305679056e-06
1173,831.5936264359989,6.5272,4.267823367283963e-06
1174,832.3048898149991,6.7509,4.2240971730864835e-06
1175,833.011180137999,6.1185,4.180189322901301e-06
1176,833.7198078849997,6.6747,4.136592725185267e-06
1177,834.4286276080002,5.7393,4.092852402777847e-06
1178,835.1358791409984,6.2947,4.049096237963063e-06
1179,835.8439699179999,5.8705,4.00544567370375e-06
1180,836.5508576880002,4.9629,3.961734453209886e-06
1181,837.2583820209984,5.9924,3.918094528024779e-06
1182,837.9658818379994,6.0256,3.874412335864219e-06
1183,838.6750486069996,6.0912,3.830751251111176e-06
1184,839.3831854179989,6.1817,3.786973475987704e-06
1185,840.0904232459998,6.6121,3.7432596946913643e-06
1186,840.8024517349986,5.8206,3.6996038702469427e-06
1187,841.5094340380001,6.7513,3.655655194444518e-06
1188,842.2186760609984,6.6501,3.6120088767284732e-06
1189,842.9264882890002,6.5737,3.568232101419827e-06
1190,843.6325095969987,6.2457,3.5245357691975954e-06
1191,844.3410677369993,6.4717,3.480958828148134e-06
1192,845.0482794489999,5.2582,3.437220311234568e-06
1193,845.7540544909989,5.69,3.3935656661111538e-06
1194,846.4627459809999,6.6513,3.349993507716048e-06
1195,847.1734388149998,6.599,3.3062519791358547e-06
1196,847.8795332199988,6.725,3.262383188024681e-06
1197,848.5870147199985,6.129,3.2187933439506434e-06
1198,849.2968729989989,6.0996,3.1751223480864347e-06
1199,850.004894882999,6.2415,3.131305459259304e-06
1200,850.7131455189992,6.0589,3.087602864629674e-06
1201,851.4222416060002,5.111,3.043883821234583e-06
1202,852.1311983529995,5.6757,3.0001107296914022e-06
1203,852.8386876899986,5.7159,2.9563477935803163e-06
1204,853.5450283209993,6.4927,2.912673404876548e-06
1205,854.2518377359993,5.7601,2.869072098703757e-06
1206,854.9590669059999,6.2352,2.825445699321072e-06
1207,855.667934486999,7.0011,2.781780659568001e-06
1208,856.3764674969989,5.5206,2.7380332407408114e-06
1209,857.083367887999,6.067,2.694293558518518e-06
1210,857.7932820489987,6.6943,2.650660310987685e-06
1211,858.5028246169986,6.4932,2.6068355430247105e-06
1212,859.2103558309991,6.5102,2.563033601605008e-06
1213,859.9189794529993,6.2402,2.519365016543229e-06
1214,860.6294896459985,5.9484,2.4756157714198037e-06
1215,861.3413509769998,6.4904,2.431759584197596e-06
1216,862.0491768289994,5.7647,2.3878176912963956e-06
1217,862.7596539609985,6.679,2.344123111358082e-06
1218,863.4650617030002,6.9986,2.3002725180864493e-06
1219,864.172056809999,6.1597,2.256722568024683e-06
1220,864.8784506539996,6.1618,2.2130822319753496e-06
1221,865.5899009770001,6.585,2.1694758970371376e-06
1222,866.2978798269996,5.2024,2.125560896172851e-06
1223,867.0090523759991,6.4062,2.0818605170370595e-06
1224,867.7166763169989,6.1033,2.037960770802461e-06
1225,868.4267636339991,5.7598,1.9942840185803226e-06
1226,869.1372463839998,6.4543,1.9504431601235163e-06
1227,869.8459237619991,6.6189,1.9065931473457477e-06
1228,870.5570797469991,6.6178,1.8628424011111978e-06
1229,871.2646517590001,4.7782,1.8189441484568804e-06
1230,871.9724390989995,6.5272,1.7752618247531827e-06
1231,872.6839102239992,5.053,1.731577226172826e-06
1232,873.3914204559987,6.6571,1.6876581870988451e-06
1233,874.0997126869988,5.8868,1.6439855485185508e-06
1234,874.8070357149991,6.7842,1.6002668123457132e-06
1235,875.5143242529994,6.0161,1.5566031195062392e-06
1236,876.2227936449999,6.1434,1.5129432070988325e-06
1237,876.9323057749989,6.3634,1.4692066193827403e-06
1238,877.6398711379989,6.2418,1.4254198161729127e-06
1239,878.3472151139995,6.3105,1.3817337062345726e-06
1240,879.055865893999,5.673,1.3380761667284802e-06
1241,879.7624713289988,6.0626,1.2943296362963931e-06
1242,880.4697442059987,7.2074,1.2507109008642327e-06
1243,881.1754316549996,5.3735,1.2070560066667125e-06
1244,881.8838262299996,4.7268,1.1634931951235052e-06
1245,882.5932441779987,6.7224,1.1197605761111673e-06
1246,883.3003658990001,6.256,1.0759723851852311e-06
1247,884.0085593509993,6.8029,1.0323235195061953e-06
1248,884.7169870729995,6.5466,9.886089285802535e-07
1249,885.4246827959996,6.4885,9.448749370371102e-07
1250,886.1334791559984,6.0852,9.01198008765436e-07
1251,886.8416483249985,5.8589,8.574395617284181e-07
1252,887.5501678919991,5.7185,8.137310919135887e-07
1253,888.2581142859999,6.999,7.699903431481914e-07
1254,888.9664848100001,6.2731,7.262864034568495e-07
1255,889.6731938369994,4.263,6.825621371605418e-07
1256,890.3819999129992,6.3659,6.389394630247069e-07
1257,891.0860958599987,3.5159,5.951807237654705e-07
1258,891.7951062739994,6.2433,5.517198021605108e-07
1259,892.5040852149996,7.2523,5.07957518395058e-07
1260,893.2155970799995,6.2316,4.6419318506173424e-07
1261,893.9229168829988,6.2286,4.2027330549382906e-07
1262,894.6321334139993,5.9769,3.7661015814816626e-07
1263,895.3361053190001,5.693,3.328335930865123e-07
1264,896.0467101630002,6.3441,2.8937965209883675e-07
1265,896.7546919349988,6.2913,2.4550586932098327e-07
1266,897.4635401209998,6.2575,2.01810061234603e-07
1267,898.1725292029987,5.9887,1.5805565000004407e-07
1268,898.8793839809987,4.8403,1.1429186697535233e-07
1269,899.585252900999,6.5553,7.065747870371731e-08
1270,900.2941737419987,6.2387,2.7089347160519364e-08
